GENERATION_PROJECT,PERIOD,gen_tech,gen_load_zone,gen_energy_source,GenCapacity,GenCapitalCosts,GenFixedOMCosts
Oahu_AES,2020,AES,Oahu,multiple,180,2.05682e+07,0
Oahu_AES,2025,AES,Oahu,multiple,180,2.05682e+07,0
Oahu_AES,2030,AES,Oahu,multiple,180,2.05682e+07,0
Oahu_AES,2035,AES,Oahu,multiple,180,2.05682e+07,0
Oahu_AES,2040,AES,Oahu,multiple,180,2.05682e+07,0
Oahu_AES,2045,AES,Oahu,multiple,180,2.05682e+07,0
Oahu_Airport_DSG,2020,Airport_DSG,Oahu,multiple,8,262180,0
Oahu_Airport_DSG,2025,Airport_DSG,Oahu,multiple,8,262180,0
Oahu_Airport_DSG,2030,Airport_DSG,Oahu,multiple,8,262180,0
Oahu_Airport_DSG,2035,Airport_DSG,Oahu,multiple,8,262180,0
Oahu_Airport_DSG,2040,Airport_DSG,Oahu,multiple,8,262180,0
Oahu_Airport_DSG,2045,Airport_DSG,Oahu,multiple,8,262180,0
Oahu_Battery_4,2020,Battery_4,Oahu,Battery,42.6987,8.64695e+06,831344
Oahu_Battery_4,2025,Battery_4,Oahu,Battery,81.918,1.46711e+07,1.59494e+06
Oahu_Battery_4,2030,Battery_4,Oahu,Battery,81.918,1.46711e+07,1.59494e+06
Oahu_Battery_4,2035,Battery_4,Oahu,Battery,39.2193,6.02416e+06,763600
Oahu_Battery_4,2040,Battery_4,Oahu,Battery,0,0,0
Oahu_Battery_4,2045,Battery_4,Oahu,Battery,0,0,0
Oahu_Battery_6,2020,Battery_6,Oahu,Battery,0,0,0
Oahu_Battery_6,2025,Battery_6,Oahu,Battery,8.12119,1.47603e+06,223252
Oahu_Battery_6,2030,Battery_6,Oahu,Battery,144.358,2.19797e+07,3.96839e+06
Oahu_Battery_6,2035,Battery_6,Oahu,Battery,240.926,3.46236e+07,6.62305e+06
Oahu_Battery_6,2040,Battery_6,Oahu,Battery,672.204,8.45615e+07,1.84789e+07
Oahu_Battery_6,2045,Battery_6,Oahu,Battery,1479.39,1.64326e+08,4.06683e+07
Oahu_Battery_Conting,2020,Battery_Conting,Oahu,Battery,180,1.2137e+07,975600
Oahu_Battery_Conting,2025,Battery_Conting,Oahu,Battery,180,1.2137e+07,975600
Oahu_Battery_Conting,2030,Battery_Conting,Oahu,Battery,180,1.2137e+07,975600
Oahu_Battery_Conting,2035,Battery_Conting,Oahu,Battery,73,2.92264e+06,395660
Oahu_Battery_Conting,2040,Battery_Conting,Oahu,Battery,73,2.92264e+06,395660
Oahu_Battery_Conting,2045,Battery_Conting,Oahu,Battery,73,2.92264e+06,395660
Oahu_Battery_Reg,2020,Battery_Reg,Oahu,Battery,150.54,1.36577e+07,1.14561e+06
Oahu_Battery_Reg,2025,Battery_Reg,Oahu,Battery,172.784,1.52058e+07,1.31489e+06
Oahu_Battery_Reg,2030,Battery_Reg,Oahu,Battery,197.91,1.66798e+07,1.5061e+06
Oahu_Battery_Reg,2035,Battery_Reg,Oahu,Battery,353.829,1.89562e+07,2.69264e+06
Oahu_Battery_Reg,2040,Battery_Reg,Oahu,Battery,464.205,2.36887e+07,3.5326e+06
Oahu_Battery_Reg,2045,Battery_Reg,Oahu,Battery,724.073,3.4733e+07,5.51019e+06
Oahu_CC_152,2020,CC_152,Oahu,multiple,150.586,1.94375e+07,2.60363e+06
Oahu_CC_152,2025,CC_152,Oahu,multiple,150.586,1.94375e+07,2.60363e+06
Oahu_CC_152,2030,CC_152,Oahu,multiple,150.586,1.94375e+07,2.60363e+06
Oahu_CC_152,2035,CC_152,Oahu,multiple,150.586,1.94375e+07,2.60363e+06
Oahu_CC_152,2040,CC_152,Oahu,multiple,150.586,1.94375e+07,2.60363e+06
Oahu_CC_152,2045,CC_152,Oahu,multiple,150.586,1.94375e+07,2.60363e+06
Oahu_CIP_CT,2020,CIP_CT,Oahu,multiple,113,3.70329e+06,0
Oahu_CIP_CT,2025,CIP_CT,Oahu,multiple,113,3.70329e+06,0
Oahu_CIP_CT,2030,CIP_CT,Oahu,multiple,113,3.70329e+06,0
Oahu_CIP_CT,2035,CIP_CT,Oahu,multiple,113,3.70329e+06,0
Oahu_CIP_CT,2040,CIP_CT,Oahu,multiple,113,3.70329e+06,0
Oahu_CIP_CT,2045,CIP_CT,Oahu,multiple,113,3.70329e+06,0
Oahu_CentralTrackingPV_PV_01,2020,CentralTrackingPV,Oahu,SUN,0,0,0
Oahu_CentralTrackingPV_PV_01,2025,CentralTrackingPV,Oahu,SUN,0,0,0
Oahu_CentralTrackingPV_PV_01,2030,CentralTrackingPV,Oahu,SUN,0,0,0
Oahu_CentralTrackingPV_PV_01,2035,CentralTrackingPV,Oahu,SUN,0,0,0
Oahu_CentralTrackingPV_PV_01,2040,CentralTrackingPV,Oahu,SUN,0,0,0
Oahu_CentralTrackingPV_PV_01,2045,CentralTrackingPV,Oahu,SUN,0,0,0
Oahu_CentralTrackingPV_PV_02,2020,CentralTrackingPV,Oahu,SUN,0,0,0
Oahu_CentralTrackingPV_PV_02,2025,CentralTrackingPV,Oahu,SUN,0,0,0
Oahu_CentralTrackingPV_PV_02,2030,CentralTrackingPV,Oahu,SUN,0,0,0
Oahu_CentralTrackingPV_PV_02,2035,CentralTrackingPV,Oahu,SUN,0,0,0
Oahu_CentralTrackingPV_PV_02,2040,CentralTrackingPV,Oahu,SUN,0,0,0
Oahu_CentralTrackingPV_PV_02,2045,CentralTrackingPV,Oahu,SUN,0,0,0
Oahu_CentralTrackingPV_PV_03,2020,CentralTrackingPV,Oahu,SUN,0,0,0
Oahu_CentralTrackingPV_PV_03,2025,CentralTrackingPV,Oahu,SUN,0,0,0
Oahu_CentralTrackingPV_PV_03,2030,CentralTrackingPV,Oahu,SUN,0,0,0
Oahu_CentralTrackingPV_PV_03,2035,CentralTrackingPV,Oahu,SUN,0,0,0
Oahu_CentralTrackingPV_PV_03,2040,CentralTrackingPV,Oahu,SUN,0,0,0
Oahu_CentralTrackingPV_PV_03,2045,CentralTrackingPV,Oahu,SUN,0,0,0
Oahu_CentralTrackingPV_PV_04,2020,CentralTrackingPV,Oahu,SUN,0,0,0
Oahu_CentralTrackingPV_PV_04,2025,CentralTrackingPV,Oahu,SUN,48.09,1.08287e+07,1.31767e+06
Oahu_CentralTrackingPV_PV_04,2030,CentralTrackingPV,Oahu,SUN,48.09,1.08287e+07,1.31767e+06
Oahu_CentralTrackingPV_PV_04,2035,CentralTrackingPV,Oahu,SUN,111.553,2.28174e+07,3.05655e+06
Oahu_CentralTrackingPV_PV_04,2040,CentralTrackingPV,Oahu,SUN,203.386,3.88116e+07,5.57278e+06
Oahu_CentralTrackingPV_PV_04,2045,CentralTrackingPV,Oahu,SUN,155.296,2.79829e+07,4.25512e+06
Oahu_CentralTrackingPV_PV_05,2020,CentralTrackingPV,Oahu,SUN,0,0,0
Oahu_CentralTrackingPV_PV_05,2025,CentralTrackingPV,Oahu,SUN,34.1891,7.68586e+06,936780
Oahu_CentralTrackingPV_PV_05,2030,CentralTrackingPV,Oahu,SUN,34.1891,7.68586e+06,936780
Oahu_CentralTrackingPV_PV_05,2035,CentralTrackingPV,Oahu,SUN,34.1891,7.68586e+06,936780
Oahu_CentralTrackingPV_PV_05,2040,CentralTrackingPV,Oahu,SUN,34.1891,7.68586e+06,936780
Oahu_CentralTrackingPV_PV_05,2045,CentralTrackingPV,Oahu,SUN,34.1891,5.48688e+06,936780
Oahu_CentralTrackingPV_PV_06,2020,CentralTrackingPV,Oahu,SUN,0,0,0
Oahu_CentralTrackingPV_PV_06,2025,CentralTrackingPV,Oahu,SUN,0,0,0
Oahu_CentralTrackingPV_PV_06,2030,CentralTrackingPV,Oahu,SUN,0,0,0
Oahu_CentralTrackingPV_PV_06,2035,CentralTrackingPV,Oahu,SUN,0,0,0
Oahu_CentralTrackingPV_PV_06,2040,CentralTrackingPV,Oahu,SUN,0,0,0
Oahu_CentralTrackingPV_PV_06,2045,CentralTrackingPV,Oahu,SUN,0,0,0
Oahu_CentralTrackingPV_PV_07,2020,CentralTrackingPV,Oahu,SUN,0,0,0
Oahu_CentralTrackingPV_PV_07,2025,CentralTrackingPV,Oahu,SUN,0,0,0
Oahu_CentralTrackingPV_PV_07,2030,CentralTrackingPV,Oahu,SUN,0,0,0
Oahu_CentralTrackingPV_PV_07,2035,CentralTrackingPV,Oahu,SUN,0,0,0
Oahu_CentralTrackingPV_PV_07,2040,CentralTrackingPV,Oahu,SUN,0,0,0
Oahu_CentralTrackingPV_PV_07,2045,CentralTrackingPV,Oahu,SUN,0,0,0
Oahu_CentralTrackingPV_PV_08,2020,CentralTrackingPV,Oahu,SUN,0,0,0
Oahu_CentralTrackingPV_PV_08,2025,CentralTrackingPV,Oahu,SUN,0,0,0
Oahu_CentralTrackingPV_PV_08,2030,CentralTrackingPV,Oahu,SUN,0,0,0
Oahu_CentralTrackingPV_PV_08,2035,CentralTrackingPV,Oahu,SUN,0,0,0
Oahu_CentralTrackingPV_PV_08,2040,CentralTrackingPV,Oahu,SUN,0,0,0
Oahu_CentralTrackingPV_PV_08,2045,CentralTrackingPV,Oahu,SUN,0,0,0
Oahu_CentralTrackingPV_PV_09,2020,CentralTrackingPV,Oahu,SUN,0,0,0
Oahu_CentralTrackingPV_PV_09,2025,CentralTrackingPV,Oahu,SUN,0,0,0
Oahu_CentralTrackingPV_PV_09,2030,CentralTrackingPV,Oahu,SUN,0,0,0
Oahu_CentralTrackingPV_PV_09,2035,CentralTrackingPV,Oahu,SUN,0,0,0
Oahu_CentralTrackingPV_PV_09,2040,CentralTrackingPV,Oahu,SUN,0,0,0
Oahu_CentralTrackingPV_PV_09,2045,CentralTrackingPV,Oahu,SUN,0,0,0
Oahu_CentralTrackingPV_PV_10,2020,CentralTrackingPV,Oahu,SUN,0,0,0
Oahu_CentralTrackingPV_PV_10,2025,CentralTrackingPV,Oahu,SUN,0,0,0
Oahu_CentralTrackingPV_PV_10,2030,CentralTrackingPV,Oahu,SUN,0,0,0
Oahu_CentralTrackingPV_PV_10,2035,CentralTrackingPV,Oahu,SUN,0,0,0
Oahu_CentralTrackingPV_PV_10,2040,CentralTrackingPV,Oahu,SUN,0,0,0
Oahu_CentralTrackingPV_PV_10,2045,CentralTrackingPV,Oahu,SUN,0,0,0
Oahu_CentralTrackingPV_PV_11,2020,CentralTrackingPV,Oahu,SUN,0,0,0
Oahu_CentralTrackingPV_PV_11,2025,CentralTrackingPV,Oahu,SUN,0,0,0
Oahu_CentralTrackingPV_PV_11,2030,CentralTrackingPV,Oahu,SUN,0,0,0
Oahu_CentralTrackingPV_PV_11,2035,CentralTrackingPV,Oahu,SUN,0,0,0
Oahu_CentralTrackingPV_PV_11,2040,CentralTrackingPV,Oahu,SUN,346.392,6.08188e+07,9.49114e+06
Oahu_CentralTrackingPV_PV_11,2045,CentralTrackingPV,Oahu,SUN,346.392,6.08188e+07,9.49114e+06
Oahu_CentralTrackingPV_PV_12,2020,CentralTrackingPV,Oahu,SUN,58.8257,1.51616e+07,1.61182e+06
Oahu_CentralTrackingPV_PV_12,2025,CentralTrackingPV,Oahu,SUN,179.223,4.24906e+07,4.91071e+06
Oahu_CentralTrackingPV_PV_12,2030,CentralTrackingPV,Oahu,SUN,246.924,5.65084e+07,6.76572e+06
Oahu_CentralTrackingPV_PV_12,2035,CentralTrackingPV,Oahu,SUN,246.924,5.65084e+07,6.76572e+06
Oahu_CentralTrackingPV_PV_12,2040,CentralTrackingPV,Oahu,SUN,246.924,5.1699e+07,6.76572e+06
Oahu_CentralTrackingPV_PV_12,2045,CentralTrackingPV,Oahu,SUN,246.924,4.39553e+07,6.76572e+06
Oahu_CentralTrackingPV_PV_13,2020,CentralTrackingPV,Oahu,SUN,0,0,0
Oahu_CentralTrackingPV_PV_13,2025,CentralTrackingPV,Oahu,SUN,0,0,0
Oahu_CentralTrackingPV_PV_13,2030,CentralTrackingPV,Oahu,SUN,47.8774,9.90778e+06,1.31184e+06
Oahu_CentralTrackingPV_PV_13,2035,CentralTrackingPV,Oahu,SUN,137.368,2.69654e+07,3.76388e+06
Oahu_CentralTrackingPV_PV_13,2040,CentralTrackingPV,Oahu,SUN,489.409,8.88775e+07,1.34098e+07
Oahu_CentralTrackingPV_PV_13,2045,CentralTrackingPV,Oahu,SUN,489.409,8.88775e+07,1.34098e+07
Oahu_CentralTrackingPV_PV_14,2020,CentralTrackingPV,Oahu,SUN,0,0,0
Oahu_CentralTrackingPV_PV_14,2025,CentralTrackingPV,Oahu,SUN,0,0,0
Oahu_CentralTrackingPV_PV_14,2030,CentralTrackingPV,Oahu,SUN,0,0,0
Oahu_CentralTrackingPV_PV_14,2035,CentralTrackingPV,Oahu,SUN,0,0,0
Oahu_CentralTrackingPV_PV_14,2040,CentralTrackingPV,Oahu,SUN,0,0,0
Oahu_CentralTrackingPV_PV_14,2045,CentralTrackingPV,Oahu,SUN,0,0,0
Oahu_CentralTrackingPV_PV_15,2020,CentralTrackingPV,Oahu,SUN,0,0,0
Oahu_CentralTrackingPV_PV_15,2025,CentralTrackingPV,Oahu,SUN,0,0,0
Oahu_CentralTrackingPV_PV_15,2030,CentralTrackingPV,Oahu,SUN,0,0,0
Oahu_CentralTrackingPV_PV_15,2035,CentralTrackingPV,Oahu,SUN,0,0,0
Oahu_CentralTrackingPV_PV_15,2040,CentralTrackingPV,Oahu,SUN,0,0,0
Oahu_CentralTrackingPV_PV_15,2045,CentralTrackingPV,Oahu,SUN,0,0,0
Oahu_CentralTrackingPV_PV_16,2020,CentralTrackingPV,Oahu,SUN,0,0,0
Oahu_CentralTrackingPV_PV_16,2025,CentralTrackingPV,Oahu,SUN,0,0,0
Oahu_CentralTrackingPV_PV_16,2030,CentralTrackingPV,Oahu,SUN,0,0,0
Oahu_CentralTrackingPV_PV_16,2035,CentralTrackingPV,Oahu,SUN,0,0,0
Oahu_CentralTrackingPV_PV_16,2040,CentralTrackingPV,Oahu,SUN,0,0,0
Oahu_CentralTrackingPV_PV_16,2045,CentralTrackingPV,Oahu,SUN,0,0,0
Oahu_CentralTrackingPV_PV_17,2020,CentralTrackingPV,Oahu,SUN,0,0,0
Oahu_CentralTrackingPV_PV_17,2025,CentralTrackingPV,Oahu,SUN,0,0,0
Oahu_CentralTrackingPV_PV_17,2030,CentralTrackingPV,Oahu,SUN,0,0,0
Oahu_CentralTrackingPV_PV_17,2035,CentralTrackingPV,Oahu,SUN,0,0,0
Oahu_CentralTrackingPV_PV_17,2040,CentralTrackingPV,Oahu,SUN,0,0,0
Oahu_CentralTrackingPV_PV_17,2045,CentralTrackingPV,Oahu,SUN,0,0,0
Oahu_CentralTrackingPV_PV_18,2020,CentralTrackingPV,Oahu,SUN,0,0,0
Oahu_CentralTrackingPV_PV_18,2025,CentralTrackingPV,Oahu,SUN,0,0,0
Oahu_CentralTrackingPV_PV_18,2030,CentralTrackingPV,Oahu,SUN,0,0,0
Oahu_CentralTrackingPV_PV_18,2035,CentralTrackingPV,Oahu,SUN,0,0,0
Oahu_CentralTrackingPV_PV_18,2040,CentralTrackingPV,Oahu,SUN,0,0,0
Oahu_CentralTrackingPV_PV_18,2045,CentralTrackingPV,Oahu,SUN,0,0,0
Oahu_FlatDistPV_Oahu_FlatDistPV_0,2020,FlatDistPV,Oahu,SUN,69.3704,2.38595e+07,0
Oahu_FlatDistPV_Oahu_FlatDistPV_0,2025,FlatDistPV,Oahu,SUN,69.3704,2.38595e+07,0
Oahu_FlatDistPV_Oahu_FlatDistPV_0,2030,FlatDistPV,Oahu,SUN,69.3704,2.38595e+07,0
Oahu_FlatDistPV_Oahu_FlatDistPV_0,2035,FlatDistPV,Oahu,SUN,69.3704,2.38595e+07,0
Oahu_FlatDistPV_Oahu_FlatDistPV_0,2040,FlatDistPV,Oahu,SUN,8.21258,1.3327e+06,0
Oahu_FlatDistPV_Oahu_FlatDistPV_0,2045,FlatDistPV,Oahu,SUN,495.352,7.27005e+07,0
Oahu_FlatDistPV_Oahu_FlatDistPV_1,2020,FlatDistPV,Oahu,SUN,0,0,0
Oahu_FlatDistPV_Oahu_FlatDistPV_1,2025,FlatDistPV,Oahu,SUN,0,0,0
Oahu_FlatDistPV_Oahu_FlatDistPV_1,2030,FlatDistPV,Oahu,SUN,0,0,0
Oahu_FlatDistPV_Oahu_FlatDistPV_1,2035,FlatDistPV,Oahu,SUN,0,0,0
Oahu_FlatDistPV_Oahu_FlatDistPV_1,2040,FlatDistPV,Oahu,SUN,0,0,0
Oahu_FlatDistPV_Oahu_FlatDistPV_1,2045,FlatDistPV,Oahu,SUN,0,0,0
Oahu_FlatDistPV_Oahu_FlatDistPV_2,2020,FlatDistPV,Oahu,SUN,36.5968,1.25872e+07,0
Oahu_FlatDistPV_Oahu_FlatDistPV_2,2025,FlatDistPV,Oahu,SUN,36.5968,1.25872e+07,0
Oahu_FlatDistPV_Oahu_FlatDistPV_2,2030,FlatDistPV,Oahu,SUN,36.5968,1.25872e+07,0
Oahu_FlatDistPV_Oahu_FlatDistPV_2,2035,FlatDistPV,Oahu,SUN,36.5968,1.25872e+07,0
Oahu_FlatDistPV_Oahu_FlatDistPV_2,2040,FlatDistPV,Oahu,SUN,0,0,0
Oahu_FlatDistPV_Oahu_FlatDistPV_2,2045,FlatDistPV,Oahu,SUN,261.326,3.82853e+07,0
Oahu_FlatDistPV_Oahu_FlatDistPV_3,2020,FlatDistPV,Oahu,SUN,74.2968,2.55539e+07,0
Oahu_FlatDistPV_Oahu_FlatDistPV_3,2025,FlatDistPV,Oahu,SUN,74.2968,2.55539e+07,0
Oahu_FlatDistPV_Oahu_FlatDistPV_3,2030,FlatDistPV,Oahu,SUN,74.2968,2.55539e+07,0
Oahu_FlatDistPV_Oahu_FlatDistPV_3,2035,FlatDistPV,Oahu,SUN,74.2968,2.55539e+07,0
Oahu_FlatDistPV_Oahu_FlatDistPV_3,2040,FlatDistPV,Oahu,SUN,0,0,0
Oahu_FlatDistPV_Oahu_FlatDistPV_3,2045,FlatDistPV,Oahu,SUN,530.53,7.77247e+07,0
Oahu_H-Power,2020,H-Power,Oahu,MSW,73,8.34156e+06,0
Oahu_H-Power,2025,H-Power,Oahu,MSW,73,8.34156e+06,0
Oahu_H-Power,2030,H-Power,Oahu,MSW,73,8.34156e+06,0
Oahu_H-Power,2035,H-Power,Oahu,MSW,73,8.34156e+06,0
Oahu_H-Power,2040,H-Power,Oahu,MSW,73,8.34156e+06,0
Oahu_H-Power,2045,H-Power,Oahu,MSW,73,8.34156e+06,0
Oahu_Honolulu_8,2020,Honolulu_8,Oahu,multiple,53.4,1.73498e+06,0
Oahu_Honolulu_9,2020,Honolulu_9,Oahu,multiple,54.4,1.77444e+06,0
Oahu_IC_Barge,2020,IC_Barge,Oahu,multiple,0,0,0
Oahu_IC_Barge,2025,IC_Barge,Oahu,multiple,0,0,0
Oahu_IC_Barge,2030,IC_Barge,Oahu,multiple,0,0,0
Oahu_IC_Barge,2035,IC_Barge,Oahu,multiple,0,0,0
Oahu_IC_Barge,2040,IC_Barge,Oahu,multiple,0,0,0
Oahu_IC_Barge,2045,IC_Barge,Oahu,multiple,0,0,0
Oahu_IC_MCBH,2020,IC_MCBH,Oahu,multiple,0,0,0
Oahu_IC_MCBH,2025,IC_MCBH,Oahu,multiple,0,0,0
Oahu_IC_MCBH,2030,IC_MCBH,Oahu,multiple,0,0,0
Oahu_IC_MCBH,2035,IC_MCBH,Oahu,multiple,0,0,0
Oahu_IC_MCBH,2040,IC_MCBH,Oahu,multiple,0,0,0
Oahu_IC_MCBH,2045,IC_MCBH,Oahu,multiple,0,0,0
Oahu_IC_Schofield,2020,IC_Schofield,Oahu,multiple,48.84,9.79689e+06,1.68303e+06
Oahu_IC_Schofield,2025,IC_Schofield,Oahu,multiple,48.84,9.79689e+06,1.68303e+06
Oahu_IC_Schofield,2030,IC_Schofield,Oahu,multiple,48.84,9.79689e+06,1.68303e+06
Oahu_IC_Schofield,2035,IC_Schofield,Oahu,multiple,48.84,9.79689e+06,1.68303e+06
Oahu_IC_Schofield,2040,IC_Schofield,Oahu,multiple,48.84,9.79689e+06,1.68303e+06
Oahu_IC_Schofield,2045,IC_Schofield,Oahu,multiple,48.84,9.79689e+06,1.68303e+06
Oahu_Kahe_1,2020,Kahe_1,Oahu,multiple,82.1,2.70045e+06,0
Oahu_Kahe_2,2020,Kahe_2,Oahu,multiple,82.1,2.70584e+06,0
Oahu_Kahe_3,2020,Kahe_3,Oahu,multiple,86.1,2.88017e+06,0
Oahu_Kahe_4,2020,Kahe_4,Oahu,multiple,85.3,2.87143e+06,0
Oahu_Kahe_5,2020,Kahe_5,Oahu,multiple,134.3,4.34486e+06,0
Oahu_Kahe_5,2025,Kahe_5,Oahu,multiple,134.3,4.34486e+06,0
Oahu_Kahe_5,2030,Kahe_5,Oahu,multiple,134.3,4.34486e+06,0
Oahu_Kahe_5,2035,Kahe_5,Oahu,multiple,134.3,4.34486e+06,0
Oahu_Kahe_5,2040,Kahe_5,Oahu,multiple,134.3,4.34486e+06,0
Oahu_Kahe_6,2020,Kahe_6,Oahu,multiple,134.4,4.38392e+06,0
Oahu_Kahe_6,2025,Kahe_6,Oahu,multiple,134.4,4.38392e+06,0
Oahu_Kahe_6,2030,Kahe_6,Oahu,multiple,134.4,4.38392e+06,0
Oahu_Kahe_6,2035,Kahe_6,Oahu,multiple,134.4,4.38392e+06,0
Oahu_Kahe_6,2040,Kahe_6,Oahu,multiple,134.4,4.38392e+06,0
Oahu_Kalaeloa_CC1,2020,Kalaeloa_CC1,Oahu,multiple,90,1.02841e+07,0
Oahu_Kalaeloa_CC1,2025,Kalaeloa_CC1,Oahu,multiple,90,1.02841e+07,0
Oahu_Kalaeloa_CC1,2030,Kalaeloa_CC1,Oahu,multiple,90,1.02841e+07,0
Oahu_Kalaeloa_CC1,2035,Kalaeloa_CC1,Oahu,multiple,90,1.02841e+07,0
Oahu_Kalaeloa_CC1,2040,Kalaeloa_CC1,Oahu,multiple,90,1.02841e+07,0
Oahu_Kalaeloa_CC1,2045,Kalaeloa_CC1,Oahu,multiple,90,1.02841e+07,0
Oahu_Kalaeloa_CC2,2020,Kalaeloa_CC2,Oahu,multiple,90,1.02841e+07,0
Oahu_Kalaeloa_CC2,2025,Kalaeloa_CC2,Oahu,multiple,90,1.02841e+07,0
Oahu_Kalaeloa_CC2,2030,Kalaeloa_CC2,Oahu,multiple,90,1.02841e+07,0
Oahu_Kalaeloa_CC2,2035,Kalaeloa_CC2,Oahu,multiple,90,1.02841e+07,0
Oahu_Kalaeloa_CC2,2040,Kalaeloa_CC2,Oahu,multiple,90,1.02841e+07,0
Oahu_Kalaeloa_CC2,2045,Kalaeloa_CC2,Oahu,multiple,90,1.02841e+07,0
Oahu_Kalaeloa_CC3,2020,Kalaeloa_CC3,Oahu,multiple,28,3.1995e+06,0
Oahu_Kalaeloa_CC3,2025,Kalaeloa_CC3,Oahu,multiple,28,3.1995e+06,0
Oahu_Kalaeloa_CC3,2030,Kalaeloa_CC3,Oahu,multiple,28,3.1995e+06,0
Oahu_Kalaeloa_CC3,2035,Kalaeloa_CC3,Oahu,multiple,28,3.1995e+06,0
Oahu_Kalaeloa_CC3,2040,Kalaeloa_CC3,Oahu,multiple,28,3.1995e+06,0
Oahu_Kalaeloa_CC3,2045,Kalaeloa_CC3,Oahu,multiple,28,3.1995e+06,0
Oahu_OffshoreWind_OffWind,2020,OffshoreWind,Oahu,WND,0,0,0
Oahu_OffshoreWind_OffWind,2025,OffshoreWind,Oahu,WND,0,0,0
Oahu_OffshoreWind_OffWind,2030,OffshoreWind,Oahu,WND,0,0,0
Oahu_OffshoreWind_OffWind,2035,OffshoreWind,Oahu,WND,0,0,0
Oahu_OffshoreWind_OffWind,2040,OffshoreWind,Oahu,WND,0,0,0
Oahu_OffshoreWind_OffWind,2045,OffshoreWind,Oahu,WND,0,0,0
Oahu_OnshoreWind_OnWind_101,2020,OnshoreWind,Oahu,WND,0,0,0
Oahu_OnshoreWind_OnWind_101,2025,OnshoreWind,Oahu,WND,0,0,0
Oahu_OnshoreWind_OnWind_101,2030,OnshoreWind,Oahu,WND,0,0,0
Oahu_OnshoreWind_OnWind_101,2035,OnshoreWind,Oahu,WND,0,0,0
Oahu_OnshoreWind_OnWind_101,2040,OnshoreWind,Oahu,WND,0,0,0
Oahu_OnshoreWind_OnWind_101,2045,OnshoreWind,Oahu,WND,0,0,0
Oahu_OnshoreWind_OnWind_102,2020,OnshoreWind,Oahu,WND,0,0,0
Oahu_OnshoreWind_OnWind_102,2025,OnshoreWind,Oahu,WND,0,0,0
Oahu_OnshoreWind_OnWind_102,2030,OnshoreWind,Oahu,WND,0,0,0
Oahu_OnshoreWind_OnWind_102,2035,OnshoreWind,Oahu,WND,0,0,0
Oahu_OnshoreWind_OnWind_102,2040,OnshoreWind,Oahu,WND,0,0,0
Oahu_OnshoreWind_OnWind_102,2045,OnshoreWind,Oahu,WND,0,0,0
Oahu_OnshoreWind_OnWind_103,2020,OnshoreWind,Oahu,WND,0,0,0
Oahu_OnshoreWind_OnWind_103,2025,OnshoreWind,Oahu,WND,0,0,0
Oahu_OnshoreWind_OnWind_103,2030,OnshoreWind,Oahu,WND,0,0,0
Oahu_OnshoreWind_OnWind_103,2035,OnshoreWind,Oahu,WND,0,0,0
Oahu_OnshoreWind_OnWind_103,2040,OnshoreWind,Oahu,WND,0,0,0
Oahu_OnshoreWind_OnWind_103,2045,OnshoreWind,Oahu,WND,0,0,0
Oahu_OnshoreWind_OnWind_104,2020,OnshoreWind,Oahu,WND,0,0,0
Oahu_OnshoreWind_OnWind_104,2025,OnshoreWind,Oahu,WND,0,0,0
Oahu_OnshoreWind_OnWind_104,2030,OnshoreWind,Oahu,WND,0,0,0
Oahu_OnshoreWind_OnWind_104,2035,OnshoreWind,Oahu,WND,0,0,0
Oahu_OnshoreWind_OnWind_104,2040,OnshoreWind,Oahu,WND,0,0,0
Oahu_OnshoreWind_OnWind_104,2045,OnshoreWind,Oahu,WND,0,0,0
Oahu_OnshoreWind_OnWind_105,2020,OnshoreWind,Oahu,WND,0,0,0
Oahu_OnshoreWind_OnWind_105,2025,OnshoreWind,Oahu,WND,0,0,0
Oahu_OnshoreWind_OnWind_105,2030,OnshoreWind,Oahu,WND,0,0,0
Oahu_OnshoreWind_OnWind_105,2035,OnshoreWind,Oahu,WND,0,0,0
Oahu_OnshoreWind_OnWind_105,2040,OnshoreWind,Oahu,WND,0,0,0
Oahu_OnshoreWind_OnWind_105,2045,OnshoreWind,Oahu,WND,0,0,0
Oahu_OnshoreWind_OnWind_106,2020,OnshoreWind,Oahu,WND,0,0,0
Oahu_OnshoreWind_OnWind_106,2025,OnshoreWind,Oahu,WND,0,0,0
Oahu_OnshoreWind_OnWind_106,2030,OnshoreWind,Oahu,WND,0,0,0
Oahu_OnshoreWind_OnWind_106,2035,OnshoreWind,Oahu,WND,0,0,0
Oahu_OnshoreWind_OnWind_106,2040,OnshoreWind,Oahu,WND,0,0,0
Oahu_OnshoreWind_OnWind_106,2045,OnshoreWind,Oahu,WND,0,0,0
Oahu_OnshoreWind_OnWind_107,2020,OnshoreWind,Oahu,WND,0,0,0
Oahu_OnshoreWind_OnWind_107,2025,OnshoreWind,Oahu,WND,0,0,0
Oahu_OnshoreWind_OnWind_107,2030,OnshoreWind,Oahu,WND,0,0,0
Oahu_OnshoreWind_OnWind_107,2035,OnshoreWind,Oahu,WND,0,0,0
Oahu_OnshoreWind_OnWind_107,2040,OnshoreWind,Oahu,WND,0,0,0
Oahu_OnshoreWind_OnWind_107,2045,OnshoreWind,Oahu,WND,0,0,0
Oahu_OnshoreWind_OnWind_201,2020,OnshoreWind,Oahu,WND,0,0,0
Oahu_OnshoreWind_OnWind_201,2025,OnshoreWind,Oahu,WND,0,0,0
Oahu_OnshoreWind_OnWind_201,2030,OnshoreWind,Oahu,WND,0,0,0
Oahu_OnshoreWind_OnWind_201,2035,OnshoreWind,Oahu,WND,0,0,0
Oahu_OnshoreWind_OnWind_201,2040,OnshoreWind,Oahu,WND,0,0,0
Oahu_OnshoreWind_OnWind_201,2045,OnshoreWind,Oahu,WND,0,0,0
Oahu_OnshoreWind_OnWind_202,2020,OnshoreWind,Oahu,WND,0,0,0
Oahu_OnshoreWind_OnWind_202,2025,OnshoreWind,Oahu,WND,0,0,0
Oahu_OnshoreWind_OnWind_202,2030,OnshoreWind,Oahu,WND,0,0,0
Oahu_OnshoreWind_OnWind_202,2035,OnshoreWind,Oahu,WND,0,0,0
Oahu_OnshoreWind_OnWind_202,2040,OnshoreWind,Oahu,WND,0,0,0
Oahu_OnshoreWind_OnWind_202,2045,OnshoreWind,Oahu,WND,0,0,0
Oahu_OnshoreWind_OnWind_203,2020,OnshoreWind,Oahu,WND,0,0,0
Oahu_OnshoreWind_OnWind_203,2025,OnshoreWind,Oahu,WND,0,0,0
Oahu_OnshoreWind_OnWind_203,2030,OnshoreWind,Oahu,WND,0,0,0
Oahu_OnshoreWind_OnWind_203,2035,OnshoreWind,Oahu,WND,0,0,0
Oahu_OnshoreWind_OnWind_203,2040,OnshoreWind,Oahu,WND,0,0,0
Oahu_OnshoreWind_OnWind_203,2045,OnshoreWind,Oahu,WND,0,0,0
Oahu_OnshoreWind_OnWind_204,2020,OnshoreWind,Oahu,WND,0,0,0
Oahu_OnshoreWind_OnWind_204,2025,OnshoreWind,Oahu,WND,0,0,0
Oahu_OnshoreWind_OnWind_204,2030,OnshoreWind,Oahu,WND,0,0,0
Oahu_OnshoreWind_OnWind_204,2035,OnshoreWind,Oahu,WND,0,0,0
Oahu_OnshoreWind_OnWind_204,2040,OnshoreWind,Oahu,WND,0,0,0
Oahu_OnshoreWind_OnWind_204,2045,OnshoreWind,Oahu,WND,0,0,0
Oahu_OnshoreWind_OnWind_205,2020,OnshoreWind,Oahu,WND,0,0,0
Oahu_OnshoreWind_OnWind_205,2025,OnshoreWind,Oahu,WND,0,0,0
Oahu_OnshoreWind_OnWind_205,2030,OnshoreWind,Oahu,WND,0,0,0
Oahu_OnshoreWind_OnWind_205,2035,OnshoreWind,Oahu,WND,0,0,0
Oahu_OnshoreWind_OnWind_205,2040,OnshoreWind,Oahu,WND,0,0,0
Oahu_OnshoreWind_OnWind_205,2045,OnshoreWind,Oahu,WND,0,0,0
Oahu_OnshoreWind_OnWind_206,2020,OnshoreWind,Oahu,WND,0,0,0
Oahu_OnshoreWind_OnWind_206,2025,OnshoreWind,Oahu,WND,0,0,0
Oahu_OnshoreWind_OnWind_206,2030,OnshoreWind,Oahu,WND,0,0,0
Oahu_OnshoreWind_OnWind_206,2035,OnshoreWind,Oahu,WND,0,0,0
Oahu_OnshoreWind_OnWind_206,2040,OnshoreWind,Oahu,WND,0,0,0
Oahu_OnshoreWind_OnWind_206,2045,OnshoreWind,Oahu,WND,0,0,0
Oahu_OnshoreWind_OnWind_207,2020,OnshoreWind,Oahu,WND,0,0,0
Oahu_OnshoreWind_OnWind_207,2025,OnshoreWind,Oahu,WND,0,0,0
Oahu_OnshoreWind_OnWind_207,2030,OnshoreWind,Oahu,WND,0,0,0
Oahu_OnshoreWind_OnWind_207,2035,OnshoreWind,Oahu,WND,0,0,0
Oahu_OnshoreWind_OnWind_207,2040,OnshoreWind,Oahu,WND,0,0,0
Oahu_OnshoreWind_OnWind_207,2045,OnshoreWind,Oahu,WND,0,0,0
Oahu_OnshoreWind_OnWind_208,2020,OnshoreWind,Oahu,WND,0,0,0
Oahu_OnshoreWind_OnWind_208,2025,OnshoreWind,Oahu,WND,0,0,0
Oahu_OnshoreWind_OnWind_208,2030,OnshoreWind,Oahu,WND,0,0,0
Oahu_OnshoreWind_OnWind_208,2035,OnshoreWind,Oahu,WND,0,0,0
Oahu_OnshoreWind_OnWind_208,2040,OnshoreWind,Oahu,WND,0,0,0
Oahu_OnshoreWind_OnWind_208,2045,OnshoreWind,Oahu,WND,0,0,0
Oahu_OnshoreWind_OnWind_209,2020,OnshoreWind,Oahu,WND,0,0,0
Oahu_OnshoreWind_OnWind_209,2025,OnshoreWind,Oahu,WND,0,0,0
Oahu_OnshoreWind_OnWind_209,2030,OnshoreWind,Oahu,WND,0,0,0
Oahu_OnshoreWind_OnWind_209,2035,OnshoreWind,Oahu,WND,0,0,0
Oahu_OnshoreWind_OnWind_209,2040,OnshoreWind,Oahu,WND,0,0,0
Oahu_OnshoreWind_OnWind_209,2045,OnshoreWind,Oahu,WND,0,0,0
Oahu_OnshoreWind_OnWind_301,2020,OnshoreWind,Oahu,WND,0,0,0
Oahu_OnshoreWind_OnWind_301,2025,OnshoreWind,Oahu,WND,0,0,0
Oahu_OnshoreWind_OnWind_301,2030,OnshoreWind,Oahu,WND,0,0,0
Oahu_OnshoreWind_OnWind_301,2035,OnshoreWind,Oahu,WND,0,0,0
Oahu_OnshoreWind_OnWind_301,2040,OnshoreWind,Oahu,WND,0,0,0
Oahu_OnshoreWind_OnWind_301,2045,OnshoreWind,Oahu,WND,0,0,0
Oahu_OnshoreWind_OnWind_302,2020,OnshoreWind,Oahu,WND,0,0,0
Oahu_OnshoreWind_OnWind_302,2025,OnshoreWind,Oahu,WND,0,0,0
Oahu_OnshoreWind_OnWind_302,2030,OnshoreWind,Oahu,WND,0,0,0
Oahu_OnshoreWind_OnWind_302,2035,OnshoreWind,Oahu,WND,0,0,0
Oahu_OnshoreWind_OnWind_302,2040,OnshoreWind,Oahu,WND,0,0,0
Oahu_OnshoreWind_OnWind_302,2045,OnshoreWind,Oahu,WND,0,0,0
Oahu_OnshoreWind_OnWind_303,2020,OnshoreWind,Oahu,WND,0,0,0
Oahu_OnshoreWind_OnWind_303,2025,OnshoreWind,Oahu,WND,0,0,0
Oahu_OnshoreWind_OnWind_303,2030,OnshoreWind,Oahu,WND,0,0,0
Oahu_OnshoreWind_OnWind_303,2035,OnshoreWind,Oahu,WND,0,0,0
Oahu_OnshoreWind_OnWind_303,2040,OnshoreWind,Oahu,WND,0,0,0
Oahu_OnshoreWind_OnWind_303,2045,OnshoreWind,Oahu,WND,0,0,0
Oahu_OnshoreWind_OnWind_304,2020,OnshoreWind,Oahu,WND,0,0,0
Oahu_OnshoreWind_OnWind_304,2025,OnshoreWind,Oahu,WND,0,0,0
Oahu_OnshoreWind_OnWind_304,2030,OnshoreWind,Oahu,WND,0,0,0
Oahu_OnshoreWind_OnWind_304,2035,OnshoreWind,Oahu,WND,0,0,0
Oahu_OnshoreWind_OnWind_304,2040,OnshoreWind,Oahu,WND,0,0,0
Oahu_OnshoreWind_OnWind_304,2045,OnshoreWind,Oahu,WND,0,0,0
Oahu_OnshoreWind_OnWind_305,2020,OnshoreWind,Oahu,WND,0,0,0
Oahu_OnshoreWind_OnWind_305,2025,OnshoreWind,Oahu,WND,0,0,0
Oahu_OnshoreWind_OnWind_305,2030,OnshoreWind,Oahu,WND,0,0,0
Oahu_OnshoreWind_OnWind_305,2035,OnshoreWind,Oahu,WND,0,0,0
Oahu_OnshoreWind_OnWind_305,2040,OnshoreWind,Oahu,WND,0,0,0
Oahu_OnshoreWind_OnWind_305,2045,OnshoreWind,Oahu,WND,0,0,0
Oahu_OnshoreWind_OnWind_306,2020,OnshoreWind,Oahu,WND,0,0,0
Oahu_OnshoreWind_OnWind_306,2025,OnshoreWind,Oahu,WND,0,0,0
Oahu_OnshoreWind_OnWind_306,2030,OnshoreWind,Oahu,WND,0,0,0
Oahu_OnshoreWind_OnWind_306,2035,OnshoreWind,Oahu,WND,0,0,0
Oahu_OnshoreWind_OnWind_306,2040,OnshoreWind,Oahu,WND,0,0,0
Oahu_OnshoreWind_OnWind_306,2045,OnshoreWind,Oahu,WND,0,0,0
Oahu_OnshoreWind_OnWind_307,2020,OnshoreWind,Oahu,WND,0,0,0
Oahu_OnshoreWind_OnWind_307,2025,OnshoreWind,Oahu,WND,0,0,0
Oahu_OnshoreWind_OnWind_307,2030,OnshoreWind,Oahu,WND,0,0,0
Oahu_OnshoreWind_OnWind_307,2035,OnshoreWind,Oahu,WND,0,0,0
Oahu_OnshoreWind_OnWind_307,2040,OnshoreWind,Oahu,WND,0,0,0
Oahu_OnshoreWind_OnWind_307,2045,OnshoreWind,Oahu,WND,0,0,0
Oahu_OnshoreWind_OnWind_308,2020,OnshoreWind,Oahu,WND,0,0,0
Oahu_OnshoreWind_OnWind_308,2025,OnshoreWind,Oahu,WND,0,0,0
Oahu_OnshoreWind_OnWind_308,2030,OnshoreWind,Oahu,WND,0,0,0
Oahu_OnshoreWind_OnWind_308,2035,OnshoreWind,Oahu,WND,0,0,0
Oahu_OnshoreWind_OnWind_308,2040,OnshoreWind,Oahu,WND,0,0,0
Oahu_OnshoreWind_OnWind_308,2045,OnshoreWind,Oahu,WND,0,0,0
Oahu_OnshoreWind_OnWind_309,2020,OnshoreWind,Oahu,WND,0,0,0
Oahu_OnshoreWind_OnWind_309,2025,OnshoreWind,Oahu,WND,0,0,0
Oahu_OnshoreWind_OnWind_309,2030,OnshoreWind,Oahu,WND,0,0,0
Oahu_OnshoreWind_OnWind_309,2035,OnshoreWind,Oahu,WND,0,0,0
Oahu_OnshoreWind_OnWind_309,2040,OnshoreWind,Oahu,WND,0,0,0
Oahu_OnshoreWind_OnWind_309,2045,OnshoreWind,Oahu,WND,0,0,0
Oahu_OnshoreWind_OnWind_401,2020,OnshoreWind,Oahu,WND,0,0,0
Oahu_OnshoreWind_OnWind_401,2025,OnshoreWind,Oahu,WND,0,0,0
Oahu_OnshoreWind_OnWind_401,2030,OnshoreWind,Oahu,WND,0,0,0
Oahu_OnshoreWind_OnWind_401,2035,OnshoreWind,Oahu,WND,0,0,0
Oahu_OnshoreWind_OnWind_401,2040,OnshoreWind,Oahu,WND,0,0,0
Oahu_OnshoreWind_OnWind_401,2045,OnshoreWind,Oahu,WND,0,0,0
Oahu_OnshoreWind_OnWind_402,2020,OnshoreWind,Oahu,WND,37.3056,9.0947e+06,1.02217e+06
Oahu_OnshoreWind_OnWind_402,2025,OnshoreWind,Oahu,WND,37.3056,9.0947e+06,1.02217e+06
Oahu_OnshoreWind_OnWind_402,2030,OnshoreWind,Oahu,WND,37.3056,9.0947e+06,1.02217e+06
Oahu_OnshoreWind_OnWind_402,2035,OnshoreWind,Oahu,WND,37.3056,9.0947e+06,1.02217e+06
Oahu_OnshoreWind_OnWind_402,2040,OnshoreWind,Oahu,WND,0,0,0
Oahu_OnshoreWind_OnWind_402,2045,OnshoreWind,Oahu,WND,0,0,0
Oahu_OnshoreWind_OnWind_403,2020,OnshoreWind,Oahu,WND,0,0,0
Oahu_OnshoreWind_OnWind_403,2025,OnshoreWind,Oahu,WND,0,0,0
Oahu_OnshoreWind_OnWind_403,2030,OnshoreWind,Oahu,WND,0,0,0
Oahu_OnshoreWind_OnWind_403,2035,OnshoreWind,Oahu,WND,0,0,0
Oahu_OnshoreWind_OnWind_403,2040,OnshoreWind,Oahu,WND,0,0,0
Oahu_OnshoreWind_OnWind_403,2045,OnshoreWind,Oahu,WND,0,0,0
Oahu_OnshoreWind_OnWind_404,2020,OnshoreWind,Oahu,WND,50,1.2135e+07,1.37e+06
Oahu_OnshoreWind_OnWind_404,2025,OnshoreWind,Oahu,WND,50,1.2135e+07,1.37e+06
Oahu_OnshoreWind_OnWind_404,2030,OnshoreWind,Oahu,WND,50,1.2135e+07,1.37e+06
Oahu_OnshoreWind_OnWind_404,2035,OnshoreWind,Oahu,WND,50,1.2135e+07,1.37e+06
Oahu_OnshoreWind_OnWind_404,2040,OnshoreWind,Oahu,WND,0,0,0
Oahu_OnshoreWind_OnWind_404,2045,OnshoreWind,Oahu,WND,0,0,0
Oahu_OnshoreWind_OnWind_405,2020,OnshoreWind,Oahu,WND,0,0,0
Oahu_OnshoreWind_OnWind_405,2025,OnshoreWind,Oahu,WND,0,0,0
Oahu_OnshoreWind_OnWind_405,2030,OnshoreWind,Oahu,WND,0,0,0
Oahu_OnshoreWind_OnWind_405,2035,OnshoreWind,Oahu,WND,0,0,0
Oahu_OnshoreWind_OnWind_405,2040,OnshoreWind,Oahu,WND,34.2355,7.56112e+06,938052
Oahu_OnshoreWind_OnWind_405,2045,OnshoreWind,Oahu,WND,45,9.86323e+06,1.233e+06
Oahu_OnshoreWind_OnWind_406,2020,OnshoreWind,Oahu,WND,0,0,0
Oahu_OnshoreWind_OnWind_406,2025,OnshoreWind,Oahu,WND,0,0,0
Oahu_OnshoreWind_OnWind_406,2030,OnshoreWind,Oahu,WND,0,0,0
Oahu_OnshoreWind_OnWind_406,2035,OnshoreWind,Oahu,WND,0,0,0
Oahu_OnshoreWind_OnWind_406,2040,OnshoreWind,Oahu,WND,0,0,0
Oahu_OnshoreWind_OnWind_406,2045,OnshoreWind,Oahu,WND,0,0,0
Oahu_OnshoreWind_OnWind_407,2020,OnshoreWind,Oahu,WND,0,0,0
Oahu_OnshoreWind_OnWind_407,2025,OnshoreWind,Oahu,WND,0,0,0
Oahu_OnshoreWind_OnWind_407,2030,OnshoreWind,Oahu,WND,0,0,0
Oahu_OnshoreWind_OnWind_407,2035,OnshoreWind,Oahu,WND,0,0,0
Oahu_OnshoreWind_OnWind_407,2040,OnshoreWind,Oahu,WND,12.5,2.77645e+06,342500
Oahu_OnshoreWind_OnWind_407,2045,OnshoreWind,Oahu,WND,12.5,2.77645e+06,342500
Oahu_OnshoreWind_OnWind_408,2020,OnshoreWind,Oahu,WND,0,0,0
Oahu_OnshoreWind_OnWind_408,2025,OnshoreWind,Oahu,WND,0,0,0
Oahu_OnshoreWind_OnWind_408,2030,OnshoreWind,Oahu,WND,0,0,0
Oahu_OnshoreWind_OnWind_408,2035,OnshoreWind,Oahu,WND,0,0,0
Oahu_OnshoreWind_OnWind_408,2040,OnshoreWind,Oahu,WND,9.58768,2.13618e+06,262703
Oahu_OnshoreWind_OnWind_408,2045,OnshoreWind,Oahu,WND,9.58768,2.13618e+06,262703
Oahu_OnshoreWind_OnWind_409,2020,OnshoreWind,Oahu,WND,22.5856,5.50157e+06,618845
Oahu_OnshoreWind_OnWind_409,2025,OnshoreWind,Oahu,WND,22.5856,5.50157e+06,618845
Oahu_OnshoreWind_OnWind_409,2030,OnshoreWind,Oahu,WND,24.9933,6.07214e+06,684815
Oahu_OnshoreWind_OnWind_409,2035,OnshoreWind,Oahu,WND,39.7915,9.46383e+06,1.09029e+06
Oahu_OnshoreWind_OnWind_409,2040,OnshoreWind,Oahu,WND,50,1.12565e+07,1.37e+06
Oahu_OnshoreWind_OnWind_409,2045,OnshoreWind,Oahu,WND,50,1.12565e+07,1.37e+06
Oahu_OnshoreWind_OnWind_410,2020,OnshoreWind,Oahu,WND,0,0,0
Oahu_OnshoreWind_OnWind_410,2025,OnshoreWind,Oahu,WND,0,0,0
Oahu_OnshoreWind_OnWind_410,2030,OnshoreWind,Oahu,WND,0,0,0
Oahu_OnshoreWind_OnWind_410,2035,OnshoreWind,Oahu,WND,0,0,0
Oahu_OnshoreWind_OnWind_410,2040,OnshoreWind,Oahu,WND,0,0,0
Oahu_OnshoreWind_OnWind_410,2045,OnshoreWind,Oahu,WND,0,0,0
Oahu_OnshoreWind_OnWind_501,2020,OnshoreWind,Oahu,WND,242.5,5.92118e+07,6.6445e+06
Oahu_OnshoreWind_OnWind_501,2025,OnshoreWind,Oahu,WND,242.5,5.92118e+07,6.6445e+06
Oahu_OnshoreWind_OnWind_501,2030,OnshoreWind,Oahu,WND,242.5,5.92118e+07,6.6445e+06
Oahu_OnshoreWind_OnWind_501,2035,OnshoreWind,Oahu,WND,242.5,5.92118e+07,6.6445e+06
Oahu_OnshoreWind_OnWind_501,2040,OnshoreWind,Oahu,WND,242.5,5.40797e+07,6.6445e+06
Oahu_OnshoreWind_OnWind_501,2045,OnshoreWind,Oahu,WND,242.5,5.40797e+07,6.6445e+06
Oahu_OnshoreWind_OnWind_502,2020,OnshoreWind,Oahu,WND,42.5,1.03491e+07,1.1645e+06
Oahu_OnshoreWind_OnWind_502,2025,OnshoreWind,Oahu,WND,42.5,1.03491e+07,1.1645e+06
Oahu_OnshoreWind_OnWind_502,2030,OnshoreWind,Oahu,WND,42.5,1.03491e+07,1.1645e+06
Oahu_OnshoreWind_OnWind_502,2035,OnshoreWind,Oahu,WND,42.5,1.03491e+07,1.1645e+06
Oahu_OnshoreWind_OnWind_502,2040,OnshoreWind,Oahu,WND,42.5,9.44962e+06,1.1645e+06
Oahu_OnshoreWind_OnWind_502,2045,OnshoreWind,Oahu,WND,42.5,9.44962e+06,1.1645e+06
Oahu_OnshoreWind_OnWind_503,2020,OnshoreWind,Oahu,WND,117.5,2.85439e+07,3.2195e+06
Oahu_OnshoreWind_OnWind_503,2025,OnshoreWind,Oahu,WND,117.5,2.85439e+07,3.2195e+06
Oahu_OnshoreWind_OnWind_503,2030,OnshoreWind,Oahu,WND,117.5,2.85439e+07,3.2195e+06
Oahu_OnshoreWind_OnWind_503,2035,OnshoreWind,Oahu,WND,117.5,2.85439e+07,3.2195e+06
Oahu_OnshoreWind_OnWind_503,2040,OnshoreWind,Oahu,WND,117.5,2.60572e+07,3.2195e+06
Oahu_OnshoreWind_OnWind_503,2045,OnshoreWind,Oahu,WND,117.5,2.60572e+07,3.2195e+06
Oahu_OnshoreWind_OnWind_504,2020,OnshoreWind,Oahu,WND,20,4.83896e+06,548000
Oahu_OnshoreWind_OnWind_504,2025,OnshoreWind,Oahu,WND,20,4.83896e+06,548000
Oahu_OnshoreWind_OnWind_504,2030,OnshoreWind,Oahu,WND,20,4.83896e+06,548000
Oahu_OnshoreWind_OnWind_504,2035,OnshoreWind,Oahu,WND,20,4.83896e+06,548000
Oahu_OnshoreWind_OnWind_504,2040,OnshoreWind,Oahu,WND,20,4.41569e+06,548000
Oahu_OnshoreWind_OnWind_504,2045,OnshoreWind,Oahu,WND,20,4.41569e+06,548000
Oahu_OnshoreWind_OnWind_505,2020,OnshoreWind,Oahu,WND,42.5,1.03553e+07,1.1645e+06
Oahu_OnshoreWind_OnWind_505,2025,OnshoreWind,Oahu,WND,42.5,1.03553e+07,1.1645e+06
Oahu_OnshoreWind_OnWind_505,2030,OnshoreWind,Oahu,WND,42.5,1.03553e+07,1.1645e+06
Oahu_OnshoreWind_OnWind_505,2035,OnshoreWind,Oahu,WND,42.5,1.03553e+07,1.1645e+06
Oahu_OnshoreWind_OnWind_505,2040,OnshoreWind,Oahu,WND,42.5,9.45581e+06,1.1645e+06
Oahu_OnshoreWind_OnWind_505,2045,OnshoreWind,Oahu,WND,42.5,9.45581e+06,1.1645e+06
Oahu_OnshoreWind_OnWind_506,2020,OnshoreWind,Oahu,WND,7.5,1.83255e+06,205500
Oahu_OnshoreWind_OnWind_506,2025,OnshoreWind,Oahu,WND,7.5,1.83255e+06,205500
Oahu_OnshoreWind_OnWind_506,2030,OnshoreWind,Oahu,WND,7.5,1.83255e+06,205500
Oahu_OnshoreWind_OnWind_506,2035,OnshoreWind,Oahu,WND,7.5,1.83255e+06,205500
Oahu_OnshoreWind_OnWind_506,2040,OnshoreWind,Oahu,WND,7.5,1.67383e+06,205500
Oahu_OnshoreWind_OnWind_506,2045,OnshoreWind,Oahu,WND,7.5,1.67383e+06,205500
Oahu_OnshoreWind_OnWind_507,2020,OnshoreWind,Oahu,WND,10,2.43087e+06,274000
Oahu_OnshoreWind_OnWind_507,2025,OnshoreWind,Oahu,WND,10,2.43087e+06,274000
Oahu_OnshoreWind_OnWind_507,2030,OnshoreWind,Oahu,WND,10,2.43087e+06,274000
Oahu_OnshoreWind_OnWind_507,2035,OnshoreWind,Oahu,WND,10,2.43087e+06,274000
Oahu_OnshoreWind_OnWind_507,2040,OnshoreWind,Oahu,WND,10,2.21924e+06,274000
Oahu_OnshoreWind_OnWind_507,2045,OnshoreWind,Oahu,WND,10,2.21924e+06,274000
Oahu_OnshoreWind_OnWind_508,2020,OnshoreWind,Oahu,WND,2.5,608071,68500
Oahu_OnshoreWind_OnWind_508,2025,OnshoreWind,Oahu,WND,2.5,608071,68500
Oahu_OnshoreWind_OnWind_508,2030,OnshoreWind,Oahu,WND,2.5,608071,68500
Oahu_OnshoreWind_OnWind_508,2035,OnshoreWind,Oahu,WND,2.5,608071,68500
Oahu_OnshoreWind_OnWind_508,2040,OnshoreWind,Oahu,WND,2.5,555163,68500
Oahu_OnshoreWind_OnWind_508,2045,OnshoreWind,Oahu,WND,2.5,555163,68500
Oahu_OnshoreWind_OnWind_509,2020,OnshoreWind,Oahu,WND,2.5,607509,68500
Oahu_OnshoreWind_OnWind_509,2025,OnshoreWind,Oahu,WND,2.5,607509,68500
Oahu_OnshoreWind_OnWind_509,2030,OnshoreWind,Oahu,WND,2.5,607509,68500
Oahu_OnshoreWind_OnWind_509,2035,OnshoreWind,Oahu,WND,2.5,607509,68500
Oahu_OnshoreWind_OnWind_509,2040,OnshoreWind,Oahu,WND,2.5,554601,68500
Oahu_OnshoreWind_OnWind_509,2045,OnshoreWind,Oahu,WND,2.5,554601,68500
Oahu_OnshoreWind_OnWind_Kahuku,2020,OnshoreWind,Oahu,WND,30,7.01452e+06,0
Oahu_OnshoreWind_OnWind_Kahuku,2025,OnshoreWind,Oahu,WND,30,7.01452e+06,0
Oahu_OnshoreWind_OnWind_Kahuku,2030,OnshoreWind,Oahu,WND,30,7.01452e+06,0
Oahu_OnshoreWind_OnWind_Kahuku,2035,OnshoreWind,Oahu,WND,30,6.8948e+06,822000
Oahu_OnshoreWind_OnWind_Kahuku,2040,OnshoreWind,Oahu,WND,30,6.8948e+06,822000
Oahu_OnshoreWind_OnWind_Kahuku,2045,OnshoreWind,Oahu,WND,30,6.8948e+06,822000
Oahu_OnshoreWind_OnWind_Kawailoa,2020,OnshoreWind,Oahu,WND,69,1.61082e+07,0
Oahu_OnshoreWind_OnWind_Kawailoa,2025,OnshoreWind,Oahu,WND,69,1.61082e+07,0
Oahu_OnshoreWind_OnWind_Kawailoa,2030,OnshoreWind,Oahu,WND,69,1.61082e+07,0
Oahu_OnshoreWind_OnWind_Kawailoa,2035,OnshoreWind,Oahu,WND,69,1.58329e+07,1.8906e+06
Oahu_OnshoreWind_OnWind_Kawailoa,2040,OnshoreWind,Oahu,WND,69,1.58329e+07,1.8906e+06
Oahu_OnshoreWind_OnWind_Kawailoa,2045,OnshoreWind,Oahu,WND,69,1.58329e+07,1.8906e+06
Oahu_SlopedDistPV_Oahu_SlopedDistPV_0,2020,SlopedDistPV,Oahu,SUN,0,0,0
Oahu_SlopedDistPV_Oahu_SlopedDistPV_0,2025,SlopedDistPV,Oahu,SUN,0,0,0
Oahu_SlopedDistPV_Oahu_SlopedDistPV_0,2030,SlopedDistPV,Oahu,SUN,0,0,0
Oahu_SlopedDistPV_Oahu_SlopedDistPV_0,2035,SlopedDistPV,Oahu,SUN,0,0,0
Oahu_SlopedDistPV_Oahu_SlopedDistPV_0,2040,SlopedDistPV,Oahu,SUN,0,0,0
Oahu_SlopedDistPV_Oahu_SlopedDistPV_0,2045,SlopedDistPV,Oahu,SUN,0,0,0
Oahu_SlopedDistPV_Oahu_SlopedDistPV_1,2020,SlopedDistPV,Oahu,SUN,43.3765,1.4919e+07,0
Oahu_SlopedDistPV_Oahu_SlopedDistPV_1,2025,SlopedDistPV,Oahu,SUN,43.3765,1.4919e+07,0
Oahu_SlopedDistPV_Oahu_SlopedDistPV_1,2030,SlopedDistPV,Oahu,SUN,43.3765,1.4919e+07,0
Oahu_SlopedDistPV_Oahu_SlopedDistPV_1,2035,SlopedDistPV,Oahu,SUN,43.3765,1.4919e+07,0
Oahu_SlopedDistPV_Oahu_SlopedDistPV_1,2040,SlopedDistPV,Oahu,SUN,0,0,0
Oahu_SlopedDistPV_Oahu_SlopedDistPV_1,2045,SlopedDistPV,Oahu,SUN,180.071,2.63811e+07,0
Oahu_SlopedDistPV_Oahu_SlopedDistPV_10,2020,SlopedDistPV,Oahu,SUN,34.5158,1.18715e+07,0
Oahu_SlopedDistPV_Oahu_SlopedDistPV_10,2025,SlopedDistPV,Oahu,SUN,34.5158,1.18715e+07,0
Oahu_SlopedDistPV_Oahu_SlopedDistPV_10,2030,SlopedDistPV,Oahu,SUN,34.5158,1.18715e+07,0
Oahu_SlopedDistPV_Oahu_SlopedDistPV_10,2035,SlopedDistPV,Oahu,SUN,34.5158,1.18715e+07,0
Oahu_SlopedDistPV_Oahu_SlopedDistPV_10,2040,SlopedDistPV,Oahu,SUN,0,0,0
Oahu_SlopedDistPV_Oahu_SlopedDistPV_10,2045,SlopedDistPV,Oahu,SUN,0,0,0
Oahu_SlopedDistPV_Oahu_SlopedDistPV_11,2020,SlopedDistPV,Oahu,SUN,0,0,0
Oahu_SlopedDistPV_Oahu_SlopedDistPV_11,2025,SlopedDistPV,Oahu,SUN,0,0,0
Oahu_SlopedDistPV_Oahu_SlopedDistPV_11,2030,SlopedDistPV,Oahu,SUN,0,0,0
Oahu_SlopedDistPV_Oahu_SlopedDistPV_11,2035,SlopedDistPV,Oahu,SUN,0,0,0
Oahu_SlopedDistPV_Oahu_SlopedDistPV_11,2040,SlopedDistPV,Oahu,SUN,0,0,0
Oahu_SlopedDistPV_Oahu_SlopedDistPV_11,2045,SlopedDistPV,Oahu,SUN,0,0,0
Oahu_SlopedDistPV_Oahu_SlopedDistPV_12,2020,SlopedDistPV,Oahu,SUN,49.2187,1.69284e+07,0
Oahu_SlopedDistPV_Oahu_SlopedDistPV_12,2025,SlopedDistPV,Oahu,SUN,49.2187,1.69284e+07,0
Oahu_SlopedDistPV_Oahu_SlopedDistPV_12,2030,SlopedDistPV,Oahu,SUN,49.2187,1.69284e+07,0
Oahu_SlopedDistPV_Oahu_SlopedDistPV_12,2035,SlopedDistPV,Oahu,SUN,49.2187,1.69284e+07,0
Oahu_SlopedDistPV_Oahu_SlopedDistPV_12,2040,SlopedDistPV,Oahu,SUN,0,0,0
Oahu_SlopedDistPV_Oahu_SlopedDistPV_12,2045,SlopedDistPV,Oahu,SUN,0,0,0
Oahu_SlopedDistPV_Oahu_SlopedDistPV_13,2020,SlopedDistPV,Oahu,SUN,0,0,0
Oahu_SlopedDistPV_Oahu_SlopedDistPV_13,2025,SlopedDistPV,Oahu,SUN,0,0,0
Oahu_SlopedDistPV_Oahu_SlopedDistPV_13,2030,SlopedDistPV,Oahu,SUN,0,0,0
Oahu_SlopedDistPV_Oahu_SlopedDistPV_13,2035,SlopedDistPV,Oahu,SUN,0,0,0
Oahu_SlopedDistPV_Oahu_SlopedDistPV_13,2040,SlopedDistPV,Oahu,SUN,0,0,0
Oahu_SlopedDistPV_Oahu_SlopedDistPV_13,2045,SlopedDistPV,Oahu,SUN,0,0,0
Oahu_SlopedDistPV_Oahu_SlopedDistPV_14,2020,SlopedDistPV,Oahu,SUN,58.7416,2.02038e+07,0
Oahu_SlopedDistPV_Oahu_SlopedDistPV_14,2025,SlopedDistPV,Oahu,SUN,58.7416,2.02038e+07,0
Oahu_SlopedDistPV_Oahu_SlopedDistPV_14,2030,SlopedDistPV,Oahu,SUN,58.7416,2.02038e+07,0
Oahu_SlopedDistPV_Oahu_SlopedDistPV_14,2035,SlopedDistPV,Oahu,SUN,58.7416,2.02038e+07,0
Oahu_SlopedDistPV_Oahu_SlopedDistPV_14,2040,SlopedDistPV,Oahu,SUN,0,0,0
Oahu_SlopedDistPV_Oahu_SlopedDistPV_14,2045,SlopedDistPV,Oahu,SUN,0,0,0
Oahu_SlopedDistPV_Oahu_SlopedDistPV_15,2020,SlopedDistPV,Oahu,SUN,0,0,0
Oahu_SlopedDistPV_Oahu_SlopedDistPV_15,2025,SlopedDistPV,Oahu,SUN,0,0,0
Oahu_SlopedDistPV_Oahu_SlopedDistPV_15,2030,SlopedDistPV,Oahu,SUN,0,0,0
Oahu_SlopedDistPV_Oahu_SlopedDistPV_15,2035,SlopedDistPV,Oahu,SUN,0,0,0
Oahu_SlopedDistPV_Oahu_SlopedDistPV_15,2040,SlopedDistPV,Oahu,SUN,0,0,0
Oahu_SlopedDistPV_Oahu_SlopedDistPV_15,2045,SlopedDistPV,Oahu,SUN,0,0,0
Oahu_SlopedDistPV_Oahu_SlopedDistPV_2,2020,SlopedDistPV,Oahu,SUN,0,0,0
Oahu_SlopedDistPV_Oahu_SlopedDistPV_2,2025,SlopedDistPV,Oahu,SUN,0,0,0
Oahu_SlopedDistPV_Oahu_SlopedDistPV_2,2030,SlopedDistPV,Oahu,SUN,0,0,0
Oahu_SlopedDistPV_Oahu_SlopedDistPV_2,2035,SlopedDistPV,Oahu,SUN,0,0,0
Oahu_SlopedDistPV_Oahu_SlopedDistPV_2,2040,SlopedDistPV,Oahu,SUN,0,0,0
Oahu_SlopedDistPV_Oahu_SlopedDistPV_2,2045,SlopedDistPV,Oahu,SUN,0,0,0
Oahu_SlopedDistPV_Oahu_SlopedDistPV_3,2020,SlopedDistPV,Oahu,SUN,19.4189,6.67898e+06,0
Oahu_SlopedDistPV_Oahu_SlopedDistPV_3,2025,SlopedDistPV,Oahu,SUN,19.4189,6.67898e+06,0
Oahu_SlopedDistPV_Oahu_SlopedDistPV_3,2030,SlopedDistPV,Oahu,SUN,19.4189,6.67898e+06,0
Oahu_SlopedDistPV_Oahu_SlopedDistPV_3,2035,SlopedDistPV,Oahu,SUN,19.4189,6.67898e+06,0
Oahu_SlopedDistPV_Oahu_SlopedDistPV_3,2040,SlopedDistPV,Oahu,SUN,0,0,0
Oahu_SlopedDistPV_Oahu_SlopedDistPV_3,2045,SlopedDistPV,Oahu,SUN,0,0,0
Oahu_SlopedDistPV_Oahu_SlopedDistPV_4,2020,SlopedDistPV,Oahu,SUN,0,0,0
Oahu_SlopedDistPV_Oahu_SlopedDistPV_4,2025,SlopedDistPV,Oahu,SUN,0,0,0
Oahu_SlopedDistPV_Oahu_SlopedDistPV_4,2030,SlopedDistPV,Oahu,SUN,0,0,0
Oahu_SlopedDistPV_Oahu_SlopedDistPV_4,2035,SlopedDistPV,Oahu,SUN,0,0,0
Oahu_SlopedDistPV_Oahu_SlopedDistPV_4,2040,SlopedDistPV,Oahu,SUN,0,0,0
Oahu_SlopedDistPV_Oahu_SlopedDistPV_4,2045,SlopedDistPV,Oahu,SUN,0,0,0
Oahu_SlopedDistPV_Oahu_SlopedDistPV_5,2020,SlopedDistPV,Oahu,SUN,18.9169,6.50633e+06,0
Oahu_SlopedDistPV_Oahu_SlopedDistPV_5,2025,SlopedDistPV,Oahu,SUN,18.9169,6.50633e+06,0
Oahu_SlopedDistPV_Oahu_SlopedDistPV_5,2030,SlopedDistPV,Oahu,SUN,18.9169,6.50633e+06,0
Oahu_SlopedDistPV_Oahu_SlopedDistPV_5,2035,SlopedDistPV,Oahu,SUN,18.9169,6.50633e+06,0
Oahu_SlopedDistPV_Oahu_SlopedDistPV_5,2040,SlopedDistPV,Oahu,SUN,0,0,0
Oahu_SlopedDistPV_Oahu_SlopedDistPV_5,2045,SlopedDistPV,Oahu,SUN,78.5306,1.1505e+07,0
Oahu_SlopedDistPV_Oahu_SlopedDistPV_6,2020,SlopedDistPV,Oahu,SUN,39.5477,1.36022e+07,0
Oahu_SlopedDistPV_Oahu_SlopedDistPV_6,2025,SlopedDistPV,Oahu,SUN,39.5477,1.36022e+07,0
Oahu_SlopedDistPV_Oahu_SlopedDistPV_6,2030,SlopedDistPV,Oahu,SUN,39.5477,1.36022e+07,0
Oahu_SlopedDistPV_Oahu_SlopedDistPV_6,2035,SlopedDistPV,Oahu,SUN,39.5477,1.36022e+07,0
Oahu_SlopedDistPV_Oahu_SlopedDistPV_6,2040,SlopedDistPV,Oahu,SUN,0,0,0
Oahu_SlopedDistPV_Oahu_SlopedDistPV_6,2045,SlopedDistPV,Oahu,SUN,0,0,0
Oahu_SlopedDistPV_Oahu_SlopedDistPV_7,2020,SlopedDistPV,Oahu,SUN,0,0,0
Oahu_SlopedDistPV_Oahu_SlopedDistPV_7,2025,SlopedDistPV,Oahu,SUN,0,0,0
Oahu_SlopedDistPV_Oahu_SlopedDistPV_7,2030,SlopedDistPV,Oahu,SUN,0,0,0
Oahu_SlopedDistPV_Oahu_SlopedDistPV_7,2035,SlopedDistPV,Oahu,SUN,0,0,0
Oahu_SlopedDistPV_Oahu_SlopedDistPV_7,2040,SlopedDistPV,Oahu,SUN,0,0,0
Oahu_SlopedDistPV_Oahu_SlopedDistPV_7,2045,SlopedDistPV,Oahu,SUN,0,0,0
Oahu_SlopedDistPV_Oahu_SlopedDistPV_8,2020,SlopedDistPV,Oahu,SUN,0,0,0
Oahu_SlopedDistPV_Oahu_SlopedDistPV_8,2025,SlopedDistPV,Oahu,SUN,0,0,0
Oahu_SlopedDistPV_Oahu_SlopedDistPV_8,2030,SlopedDistPV,Oahu,SUN,0,0,0
Oahu_SlopedDistPV_Oahu_SlopedDistPV_8,2035,SlopedDistPV,Oahu,SUN,0,0,0
Oahu_SlopedDistPV_Oahu_SlopedDistPV_8,2040,SlopedDistPV,Oahu,SUN,0,0,0
Oahu_SlopedDistPV_Oahu_SlopedDistPV_8,2045,SlopedDistPV,Oahu,SUN,0,0,0
Oahu_SlopedDistPV_Oahu_SlopedDistPV_9,2020,SlopedDistPV,Oahu,SUN,0,0,0
Oahu_SlopedDistPV_Oahu_SlopedDistPV_9,2025,SlopedDistPV,Oahu,SUN,0,0,0
Oahu_SlopedDistPV_Oahu_SlopedDistPV_9,2030,SlopedDistPV,Oahu,SUN,0,0,0
Oahu_SlopedDistPV_Oahu_SlopedDistPV_9,2035,SlopedDistPV,Oahu,SUN,0,0,0
Oahu_SlopedDistPV_Oahu_SlopedDistPV_9,2040,SlopedDistPV,Oahu,SUN,0,0,0
Oahu_SlopedDistPV_Oahu_SlopedDistPV_9,2045,SlopedDistPV,Oahu,SUN,0,0,0
Oahu_Waiau_10,2020,Waiau_10,Oahu,multiple,49.9,1.60667e+06,0
Oahu_Waiau_10,2025,Waiau_10,Oahu,multiple,49.9,1.60667e+06,0
Oahu_Waiau_10,2030,Waiau_10,Oahu,multiple,49.9,1.60667e+06,0
Oahu_Waiau_10,2035,Waiau_10,Oahu,multiple,49.9,1.60667e+06,0
Oahu_Waiau_10,2040,Waiau_10,Oahu,multiple,49.9,1.60667e+06,0
Oahu_Waiau_10,2045,Waiau_10,Oahu,multiple,49.9,1.60667e+06,0
Oahu_Waiau_6,2020,Waiau_6,Oahu,multiple,53.5,1.75333e+06,0
Oahu_Waiau_7,2020,Waiau_7,Oahu,multiple,82.9,2.74416e+06,0
Oahu_Waiau_8,2020,Waiau_8,Oahu,multiple,86.1,2.86418e+06,0
Oahu_Waiau_9,2020,Waiau_9,Oahu,multiple,52.9,1.70326e+06,0
Oahu_Waiau_9,2025,Waiau_9,Oahu,multiple,52.9,1.70326e+06,0
Oahu_Waiau_9,2030,Waiau_9,Oahu,multiple,52.9,1.70326e+06,0
Oahu_Waiau_9,2035,Waiau_9,Oahu,multiple,52.9,1.70326e+06,0
Oahu_Waiau_9,2040,Waiau_9,Oahu,multiple,52.9,1.70326e+06,0
Oahu_Waiau_9,2045,Waiau_9,Oahu,multiple,52.9,1.70326e+06,0
